{
  "-w_ic 1 -w_cg 1 -w_ig 1 --temp 10 -pf max": [
    0.8,
    0.8741071428571427
  ],
  "-w_ic 1 -w_cg 1 -w_ig 1 --temp 1 -pf max": [
    0.8,
    0.8739285714285714
  ],
  "-w_ic 1 -w_cg 0 -w_ig 1 --temp 1 -pf max": [
    0.79,
    0.8673015873015874
  ],
  "-w_ic 1 -w_cg 0 -w_ig 1 --temp 10 -pf max": [
    0.79,
    0.8673015873015874
  ],
  "-w_ic 0 -w_cg 0 -w_ig 1 --temp 10 -pf max": [
    0.73,
    0.8113412698412698
  ],
  "-w_ic 0 -w_cg 0 -w_ig 1 --temp 1 -pf max": [
    0.73,
    0.8113412698412698
  ],
  "-w_ic 0 -w_cg 1 -w_ig 1 --temp 10 -pf max": [
    0.72,
    0.8105079365079365
  ],
  "-w_ic 0 -w_cg 1 -w_ig 1 --temp 1 -pf max": [
    0.72,
    0.8099365079365078
  ],
  "-w_ic 1 -w_cg 1 -w_ig 0 --temp 1 -pf max": [
    0.7,
    0.7986507936507937
  ],
  "-w_ic 1 -w_cg 1 -w_ig 0 --temp 10 -pf max": [
    0.7,
    0.7986507936507937
  ],
  "-w_ic 1 -w_cg 0 -w_ig 0 --temp 10 -pf max": [
    0.7,
    0.7986507936507937
  ],
  "-w_ic 1 -w_cg 0 -w_ig 0 --temp 1 -pf max": [
    0.7,
    0.7986507936507937
  ],
  "-w_ic 0 -w_cg 1 -w_ig 0 --temp 1 -pf max": [
    0.17,
    0.3707460317460318
  ],
  "-w_ic 0 -w_cg 1 -w_ig 0 --temp 10 -pf max": [
    0.17,
    0.3707460317460318
  ],
  "-w_ic 0 -w_cg 0 -w_ig 0 --temp 10 -pf max": [
    0.17,
    0.3707460317460318
  ],
  "-w_ic 0 -w_cg 0 -w_ig 0 --temp 1 -pf max": [
    0.17,
    0.3707460317460318
  ]
}